,CustomerID,Age,Annual Income (k$),Spending Score (1-100)
count,200.0,200.0,200.0,200.0
mean,100.5,38.85,60.56,50.2
std,57.879184513951124,13.969007331558883,26.264721165271254,25.823521668370162
min,1.0,18.0,15.0,1.0
25%,50.75,28.75,41.5,34.75
50%,100.5,36.0,61.5,50.0
75%,150.25,49.0,78.0,73.0
max,200.0,70.0,137.0,99.0
